id,title,description,object_key,video_url,source_label,video_group,video_code,method_name,sample_name,prompt_text,is_active
r2-1013-0001,Shape 1013 / Method 0001 / 4dgen fp,"Shape 1013, method 0001 (4dgen fp), source file 4dgen_fp_front-right60.mp4.",20260508_all_latest_videos_collected/20260508_1013_0001.mp4,,データベースランダム「Database Random」,R2-20260508-ALL-LATEST,1013-0001,0001,1013,A dinosaur lowering its head,1
r2-1013-0002,Shape 1013 / Method 0002 / 4dgen gt,"Shape 1013, method 0002 (4dgen gt), source file 4dgen_gt_front-right60.mp4.",20260508_all_latest_videos_collected/20260508_1013_0002.mp4,,データベースランダム「Database Random」,R2-20260508-ALL-LATEST,1013-0002,0002,1013,A dinosaur lowering its head,1
r2-1013-0003,Shape 1013 / Method 0003 / am_3d_video fp,"Shape 1013, method 0003 (am_3d_video fp), source file am_3d_video_fp_front-right60.mp4.",20260508_all_latest_videos_collected/20260508_1013_0003.mp4,,データベースランダム「Database Random」,R2-20260508-ALL-LATEST,1013-0003,0003,1013,A dinosaur lowering its head,1
r2-1013-0004,Shape 1013 / Method 0004 / am_3d_video gt,"Shape 1013, method 0004 (am_3d_video gt), source file am_3d_video_gt_front-right60.mp4.",20260508_all_latest_videos_collected/20260508_1013_0004.mp4,,データベースランダム「Database Random」,R2-20260508-ALL-LATEST,1013-0004,0004,1013,A dinosaur lowering its head,1
r2-1013-0005,Shape 1013 / Method 0005 / am_video fp,"Shape 1013, method 0005 (am_video fp), source file am_video_fp_front-right60.mp4.",20260508_all_latest_videos_collected/20260508_1013_0005.mp4,,データベースランダム「Database Random」,R2-20260508-ALL-LATEST,1013-0005,0005,1013,A dinosaur lowering its head,1
r2-1013-0006,Shape 1013 / Method 0006 / am_video gt,"Shape 1013, method 0006 (am_video gt), source file am_video_gt_front-right60.mp4.",20260508_all_latest_videos_collected/20260508_1013_0006.mp4,,データベースランダム「Database Random」,R2-20260508-ALL-LATEST,1013-0006,0006,1013,A dinosaur lowering its head,1
r2-1013-0007,Shape 1013 / Method 0007 / anymole,"Shape 1013, method 0007 (anymole), source file anymole_front-right60.mp4.",20260508_all_latest_videos_collected/20260508_1013_0007.mp4,,データベースランダム「Database Random」,R2-20260508-ALL-LATEST,1013-0007,0007,1013,A dinosaur lowering its head,1
r2-1013-0008,Shape 1013 / Method 0008 / dg4d fp,"Shape 1013, method 0008 (dg4d fp), source file dg4d_fp_front-right60.mp4.",20260508_all_latest_videos_collected/20260508_1013_0008.mp4,,データベースランダム「Database Random」,R2-20260508-ALL-LATEST,1013-0008,0008,1013,A dinosaur lowering its head,1
r2-1013-0009,Shape 1013 / Method 0009 / dg4d gt,"Shape 1013, method 0009 (dg4d gt), source file dg4d_gt_front-right60.mp4.",20260508_all_latest_videos_collected/20260508_1013_0009.mp4,,データベースランダム「Database Random」,R2-20260508-ALL-LATEST,1013-0009,0009,1013,A dinosaur lowering its head,1
r2-1013-0011,Shape 1013 / Method 0011 / input gt,"Shape 1013, method 0011 (input gt), source file gt_input_front-right60.mp4.",20260508_all_latest_videos_collected/20260508_1013_0011.mp4,,データベースランダム「Database Random」,R2-20260508-ALL-LATEST,1013-0011,0011,1013,A dinosaur lowering its head,1
r2-1013-0012,Shape 1013 / Method 0012 / gvfd fp,"Shape 1013, method 0012 (gvfd fp), source file gvfd_fp_front-right60.mp4.",20260508_all_latest_videos_collected/20260508_1013_0012.mp4,,データベースランダム「Database Random」,R2-20260508-ALL-LATEST,1013-0012,0012,1013,A dinosaur lowering its head,1
r2-1013-0013,Shape 1013 / Method 0013 / gvfd gt,"Shape 1013, method 0013 (gvfd gt), source file gvfd_gt_front-right60.mp4.",20260508_all_latest_videos_collected/20260508_1013_0013.mp4,,データベースランダム「Database Random」,R2-20260508-ALL-LATEST,1013-0013,0013,1013,A dinosaur lowering its head,1
r2-1013-0014,Shape 1013 / Method 0014 / key input,"Shape 1013, method 0014 (key input), source file key_input_front-right60.mp4.",20260508_all_latest_videos_collected/20260508_1013_0014.mp4,,データベースランダム「Database Random」,R2-20260508-ALL-LATEST,1013-0014,0014,1013,A dinosaur lowering its head,1
r2-1013-0015,Shape 1013 / Method 0015 / motion324 fp,"Shape 1013, method 0015 (motion324 fp), source file motion324_fp_front-right60.mp4.",20260508_all_latest_videos_collected/20260508_1013_0015.mp4,,データベースランダム「Database Random」,R2-20260508-ALL-LATEST,1013-0015,0015,1013,A dinosaur lowering its head,1
r2-1013-0016,Shape 1013 / Method 0016 / motion324 gt,"Shape 1013, method 0016 (motion324 gt), source file motion324_gt_front-right60.mp4.",20260508_all_latest_videos_collected/20260508_1013_0016.mp4,,データベースランダム「Database Random」,R2-20260508-ALL-LATEST,1013-0016,0016,1013,A dinosaur lowering its head,1
r2-1013-0017,Shape 1013 / Method 0017 / sc4d fp,"Shape 1013, method 0017 (sc4d fp), source file sc4d_fp_front-right60.mp4.",20260508_all_latest_videos_collected/20260508_1013_0017.mp4,,データベースランダム「Database Random」,R2-20260508-ALL-LATEST,1013-0017,0017,1013,A dinosaur lowering its head,1
r2-1013-0018,Shape 1013 / Method 0018 / sc4d gt,"Shape 1013, method 0018 (sc4d gt), source file sc4d_gt_front-right60.mp4.",20260508_all_latest_videos_collected/20260508_1013_0018.mp4,,データベースランダム「Database Random」,R2-20260508-ALL-LATEST,1013-0018,0018,1013,A dinosaur lowering its head,1
r2-1013-0019,Shape 1013 / Method 0019 / sv4d2 fp,"Shape 1013, method 0019 (sv4d2 fp), source file sv4d2_fp_front-right60.mp4.",20260508_all_latest_videos_collected/20260508_1013_0019.mp4,,データベースランダム「Database Random」,R2-20260508-ALL-LATEST,1013-0019,0019,1013,A dinosaur lowering its head,1
r2-1013-0020,Shape 1013 / Method 0020 / sv4d2 gt,"Shape 1013, method 0020 (sv4d2 gt), source file sv4d2_gt_front-right60.mp4.",20260508_all_latest_videos_collected/20260508_1013_0020.mp4,,データベースランダム「Database Random」,R2-20260508-ALL-LATEST,1013-0020,0020,1013,A dinosaur lowering its head,1
r2-1013-0021,Shape 1013 / Method 0021 / tc4d,"Shape 1013, method 0021 (tc4d).",20260508_all_latest_videos_collected/20260508_1013_0021.mp4,,データベースランダム「Database Random」,R2-20260508-ALL-LATEST,1013-0021,0021,1013,A dinosaur lowering its head,1
r2-1047-0001,Shape 1047 / Method 0001 / 4dgen fp,"Shape 1047, method 0001 (4dgen fp), source file 4dgen_fp_front-right60.mp4.",20260508_all_latest_videos_collected/20260508_1047_0001.mp4,,データベースランダム「Database Random」,R2-20260508-ALL-LATEST,1047-0001,0001,1047,A character raising both hands / A character throwing their hands up in the air,1
r2-1047-0002,Shape 1047 / Method 0002 / 4dgen gt,"Shape 1047, method 0002 (4dgen gt), source file 4dgen_gt_front-right60.mp4.",20260508_all_latest_videos_collected/20260508_1047_0002.mp4,,データベースランダム「Database Random」,R2-20260508-ALL-LATEST,1047-0002,0002,1047,A character raising both hands / A character throwing their hands up in the air,1
r2-1047-0003,Shape 1047 / Method 0003 / am_3d_video fp,"Shape 1047, method 0003 (am_3d_video fp), source file am_3d_video_fp_front-right60.mp4.",20260508_all_latest_videos_collected/20260508_1047_0003.mp4,,データベースランダム「Database Random」,R2-20260508-ALL-LATEST,1047-0003,0003,1047,A character raising both hands / A character throwing their hands up in the air,1
r2-1047-0004,Shape 1047 / Method 0004 / am_3d_video gt,"Shape 1047, method 0004 (am_3d_video gt), source file am_3d_video_gt_front-right60.mp4.",20260508_all_latest_videos_collected/20260508_1047_0004.mp4,,データベースランダム「Database Random」,R2-20260508-ALL-LATEST,1047-0004,0004,1047,A character raising both hands / A character throwing their hands up in the air,1
r2-1047-0005,Shape 1047 / Method 0005 / am_video fp,"Shape 1047, method 0005 (am_video fp), source file am_video_fp_front-right60.mp4.",20260508_all_latest_videos_collected/20260508_1047_0005.mp4,,データベースランダム「Database Random」,R2-20260508-ALL-LATEST,1047-0005,0005,1047,A character raising both hands / A character throwing their hands up in the air,1
r2-1047-0006,Shape 1047 / Method 0006 / am_video gt,"Shape 1047, method 0006 (am_video gt), source file am_video_gt_front-right60.mp4.",20260508_all_latest_videos_collected/20260508_1047_0006.mp4,,データベースランダム「Database Random」,R2-20260508-ALL-LATEST,1047-0006,0006,1047,A character raising both hands / A character throwing their hands up in the air,1
r2-1047-0007,Shape 1047 / Method 0007 / anymole,"Shape 1047, method 0007 (anymole), source file anymole_front-right60.mp4.",20260508_all_latest_videos_collected/20260508_1047_0007.mp4,,データベースランダム「Database Random」,R2-20260508-ALL-LATEST,1047-0007,0007,1047,A character raising both hands / A character throwing their hands up in the air,1
r2-1047-0008,Shape 1047 / Method 0008 / dg4d fp,"Shape 1047, method 0008 (dg4d fp), source file dg4d_fp_front-right60.mp4.",20260508_all_latest_videos_collected/20260508_1047_0008.mp4,,データベースランダム「Database Random」,R2-20260508-ALL-LATEST,1047-0008,0008,1047,A character raising both hands / A character throwing their hands up in the air,1
r2-1047-0009,Shape 1047 / Method 0009 / dg4d gt,"Shape 1047, method 0009 (dg4d gt), source file dg4d_gt_front-right60.mp4.",20260508_all_latest_videos_collected/20260508_1047_0009.mp4,,データベースランダム「Database Random」,R2-20260508-ALL-LATEST,1047-0009,0009,1047,A character raising both hands / A character throwing their hands up in the air,1
r2-1047-0011,Shape 1047 / Method 0011 / input gt,"Shape 1047, method 0011 (input gt), source file gt_input_front-right60.mp4.",20260508_all_latest_videos_collected/20260508_1047_0011.mp4,,データベースランダム「Database Random」,R2-20260508-ALL-LATEST,1047-0011,0011,1047,A character raising both hands / A character throwing their hands up in the air,1
r2-1047-0012,Shape 1047 / Method 0012 / gvfd fp,"Shape 1047, method 0012 (gvfd fp), source file gvfd_fp_front-right60.mp4.",20260508_all_latest_videos_collected/20260508_1047_0012.mp4,,データベースランダム「Database Random」,R2-20260508-ALL-LATEST,1047-0012,0012,1047,A character raising both hands / A character throwing their hands up in the air,1
r2-1047-0013,Shape 1047 / Method 0013 / gvfd gt,"Shape 1047, method 0013 (gvfd gt), source file gvfd_gt_front-right60.mp4.",20260508_all_latest_videos_collected/20260508_1047_0013.mp4,,データベースランダム「Database Random」,R2-20260508-ALL-LATEST,1047-0013,0013,1047,A character raising both hands / A character throwing their hands up in the air,1
r2-1047-0014,Shape 1047 / Method 0014 / key input,"Shape 1047, method 0014 (key input), source file key_input_front-right60.mp4.",20260508_all_latest_videos_collected/20260508_1047_0014.mp4,,データベースランダム「Database Random」,R2-20260508-ALL-LATEST,1047-0014,0014,1047,A character raising both hands / A character throwing their hands up in the air,1
r2-1047-0015,Shape 1047 / Method 0015 / motion324 fp,"Shape 1047, method 0015 (motion324 fp), source file motion324_fp_front-right60.mp4.",20260508_all_latest_videos_collected/20260508_1047_0015.mp4,,データベースランダム「Database Random」,R2-20260508-ALL-LATEST,1047-0015,0015,1047,A character raising both hands / A character throwing their hands up in the air,1
r2-1047-0016,Shape 1047 / Method 0016 / motion324 gt,"Shape 1047, method 0016 (motion324 gt), source file motion324_gt_front-right60.mp4.",20260508_all_latest_videos_collected/20260508_1047_0016.mp4,,データベースランダム「Database Random」,R2-20260508-ALL-LATEST,1047-0016,0016,1047,A character raising both hands / A character throwing their hands up in the air,1
r2-1047-0017,Shape 1047 / Method 0017 / sc4d fp,"Shape 1047, method 0017 (sc4d fp), source file sc4d_fp_front-right60.mp4.",20260508_all_latest_videos_collected/20260508_1047_0017.mp4,,データベースランダム「Database Random」,R2-20260508-ALL-LATEST,1047-0017,0017,1047,A character raising both hands / A character throwing their hands up in the air,1
r2-1047-0018,Shape 1047 / Method 0018 / sc4d gt,"Shape 1047, method 0018 (sc4d gt), source file sc4d_gt_front-right60.mp4.",20260508_all_latest_videos_collected/20260508_1047_0018.mp4,,データベースランダム「Database Random」,R2-20260508-ALL-LATEST,1047-0018,0018,1047,A character raising both hands / A character throwing their hands up in the air,1
r2-1047-0019,Shape 1047 / Method 0019 / sv4d2 fp,"Shape 1047, method 0019 (sv4d2 fp), source file sv4d2_fp_front-right60.mp4.",20260508_all_latest_videos_collected/20260508_1047_0019.mp4,,データベースランダム「Database Random」,R2-20260508-ALL-LATEST,1047-0019,0019,1047,A character raising both hands / A character throwing their hands up in the air,1
r2-1047-0020,Shape 1047 / Method 0020 / sv4d2 gt,"Shape 1047, method 0020 (sv4d2 gt), source file sv4d2_gt_front-right60.mp4.",20260508_all_latest_videos_collected/20260508_1047_0020.mp4,,データベースランダム「Database Random」,R2-20260508-ALL-LATEST,1047-0020,0020,1047,A character raising both hands / A character throwing their hands up in the air,1
r2-1047-0021,Shape 1047 / Method 0021 / tc4d,"Shape 1047, method 0021 (tc4d).",20260508_all_latest_videos_collected/20260508_1047_0021.mp4,,データベースランダム「Database Random」,R2-20260508-ALL-LATEST,1047-0021,0021,1047,A character raising both hands / A character throwing their hands up in the air,1
r2-1143-0001,Shape 1143 / Method 0001 / 4dgen fp,"Shape 1143, method 0001 (4dgen fp), source file 4dgen_fp_front-right60.mp4.",20260508_all_latest_videos_collected/20260508_1143_0001.mp4,,データベースランダム「Database Random」,R2-20260508-ALL-LATEST,1143-0001,0001,1143,"A dinosaur shakes its head from side to side, then raises it and roars",1
r2-1143-0002,Shape 1143 / Method 0002 / 4dgen gt,"Shape 1143, method 0002 (4dgen gt), source file 4dgen_gt_front-right60.mp4.",20260508_all_latest_videos_collected/20260508_1143_0002.mp4,,データベースランダム「Database Random」,R2-20260508-ALL-LATEST,1143-0002,0002,1143,"A dinosaur shakes its head from side to side, then raises it and roars",1
r2-1143-0003,Shape 1143 / Method 0003 / am_3d_video fp,"Shape 1143, method 0003 (am_3d_video fp), source file am_3d_video_fp_front-right60.mp4.",20260508_all_latest_videos_collected/20260508_1143_0003.mp4,,データベースランダム「Database Random」,R2-20260508-ALL-LATEST,1143-0003,0003,1143,"A dinosaur shakes its head from side to side, then raises it and roars",1
r2-1143-0004,Shape 1143 / Method 0004 / am_3d_video gt,"Shape 1143, method 0004 (am_3d_video gt), source file am_3d_video_gt_front-right60.mp4.",20260508_all_latest_videos_collected/20260508_1143_0004.mp4,,データベースランダム「Database Random」,R2-20260508-ALL-LATEST,1143-0004,0004,1143,"A dinosaur shakes its head from side to side, then raises it and roars",1
r2-1143-0005,Shape 1143 / Method 0005 / am_video fp,"Shape 1143, method 0005 (am_video fp), source file am_video_fp_front-right60.mp4.",20260508_all_latest_videos_collected/20260508_1143_0005.mp4,,データベースランダム「Database Random」,R2-20260508-ALL-LATEST,1143-0005,0005,1143,"A dinosaur shakes its head from side to side, then raises it and roars",1
r2-1143-0006,Shape 1143 / Method 0006 / am_video gt,"Shape 1143, method 0006 (am_video gt), source file am_video_gt_front-right60.mp4.",20260508_all_latest_videos_collected/20260508_1143_0006.mp4,,データベースランダム「Database Random」,R2-20260508-ALL-LATEST,1143-0006,0006,1143,"A dinosaur shakes its head from side to side, then raises it and roars",1
r2-1143-0007,Shape 1143 / Method 0007 / anymole,"Shape 1143, method 0007 (anymole), source file anymole_front-right60.mp4.",20260508_all_latest_videos_collected/20260508_1143_0007.mp4,,データベースランダム「Database Random」,R2-20260508-ALL-LATEST,1143-0007,0007,1143,"A dinosaur shakes its head from side to side, then raises it and roars",1
r2-1143-0008,Shape 1143 / Method 0008 / dg4d fp,"Shape 1143, method 0008 (dg4d fp), source file dg4d_fp_front-right60.mp4.",20260508_all_latest_videos_collected/20260508_1143_0008.mp4,,データベースランダム「Database Random」,R2-20260508-ALL-LATEST,1143-0008,0008,1143,"A dinosaur shakes its head from side to side, then raises it and roars",1
r2-1143-0009,Shape 1143 / Method 0009 / dg4d gt,"Shape 1143, method 0009 (dg4d gt), source file dg4d_gt_front-right60.mp4.",20260508_all_latest_videos_collected/20260508_1143_0009.mp4,,データベースランダム「Database Random」,R2-20260508-ALL-LATEST,1143-0009,0009,1143,"A dinosaur shakes its head from side to side, then raises it and roars",1
r2-1143-0011,Shape 1143 / Method 0011 / input gt,"Shape 1143, method 0011 (input gt), source file gt_input_front-right60.mp4.",20260508_all_latest_videos_collected/20260508_1143_0011.mp4,,データベースランダム「Database Random」,R2-20260508-ALL-LATEST,1143-0011,0011,1143,"A dinosaur shakes its head from side to side, then raises it and roars",1
r2-1143-0012,Shape 1143 / Method 0012 / gvfd fp,"Shape 1143, method 0012 (gvfd fp), source file gvfd_fp_front-right60.mp4.",20260508_all_latest_videos_collected/20260508_1143_0012.mp4,,データベースランダム「Database Random」,R2-20260508-ALL-LATEST,1143-0012,0012,1143,"A dinosaur shakes its head from side to side, then raises it and roars",1
r2-1143-0013,Shape 1143 / Method 0013 / gvfd gt,"Shape 1143, method 0013 (gvfd gt), source file gvfd_gt_front-right60.mp4.",20260508_all_latest_videos_collected/20260508_1143_0013.mp4,,データベースランダム「Database Random」,R2-20260508-ALL-LATEST,1143-0013,0013,1143,"A dinosaur shakes its head from side to side, then raises it and roars",1
r2-1143-0014,Shape 1143 / Method 0014 / key input,"Shape 1143, method 0014 (key input), source file key_input_front-right60.mp4.",20260508_all_latest_videos_collected/20260508_1143_0014.mp4,,データベースランダム「Database Random」,R2-20260508-ALL-LATEST,1143-0014,0014,1143,"A dinosaur shakes its head from side to side, then raises it and roars",1
r2-1143-0015,Shape 1143 / Method 0015 / motion324 fp,"Shape 1143, method 0015 (motion324 fp), source file motion324_fp_front-right60.mp4.",20260508_all_latest_videos_collected/20260508_1143_0015.mp4,,データベースランダム「Database Random」,R2-20260508-ALL-LATEST,1143-0015,0015,1143,"A dinosaur shakes its head from side to side, then raises it and roars",1
r2-1143-0016,Shape 1143 / Method 0016 / motion324 gt,"Shape 1143, method 0016 (motion324 gt), source file motion324_gt_front-right60.mp4.",20260508_all_latest_videos_collected/20260508_1143_0016.mp4,,データベースランダム「Database Random」,R2-20260508-ALL-LATEST,1143-0016,0016,1143,"A dinosaur shakes its head from side to side, then raises it and roars",1
r2-1143-0017,Shape 1143 / Method 0017 / sc4d fp,"Shape 1143, method 0017 (sc4d fp), source file sc4d_fp_front-right60.mp4.",20260508_all_latest_videos_collected/20260508_1143_0017.mp4,,データベースランダム「Database Random」,R2-20260508-ALL-LATEST,1143-0017,0017,1143,"A dinosaur shakes its head from side to side, then raises it and roars",1
r2-1143-0018,Shape 1143 / Method 0018 / sc4d gt,"Shape 1143, method 0018 (sc4d gt), source file sc4d_gt_front-right60.mp4.",20260508_all_latest_videos_collected/20260508_1143_0018.mp4,,データベースランダム「Database Random」,R2-20260508-ALL-LATEST,1143-0018,0018,1143,"A dinosaur shakes its head from side to side, then raises it and roars",1
r2-1143-0019,Shape 1143 / Method 0019 / sv4d2 fp,"Shape 1143, method 0019 (sv4d2 fp), source file sv4d2_fp_front-right60.mp4.",20260508_all_latest_videos_collected/20260508_1143_0019.mp4,,データベースランダム「Database Random」,R2-20260508-ALL-LATEST,1143-0019,0019,1143,"A dinosaur shakes its head from side to side, then raises it and roars",1
r2-1143-0020,Shape 1143 / Method 0020 / sv4d2 gt,"Shape 1143, method 0020 (sv4d2 gt), source file sv4d2_gt_front-right60.mp4.",20260508_all_latest_videos_collected/20260508_1143_0020.mp4,,データベースランダム「Database Random」,R2-20260508-ALL-LATEST,1143-0020,0020,1143,"A dinosaur shakes its head from side to side, then raises it and roars",1
r2-1143-0021,Shape 1143 / Method 0021 / tc4d,"Shape 1143, method 0021 (tc4d).",20260508_all_latest_videos_collected/20260508_1143_0021.mp4,,データベースランダム「Database Random」,R2-20260508-ALL-LATEST,1143-0021,0021,1143,"A dinosaur shakes its head from side to side, then raises it and roars",1
r2-1189-0001,Shape 1189 / Method 0001 / 4dgen fp,"Shape 1189, method 0001 (4dgen fp), source file 4dgen_fp_front-right60.mp4.",20260508_all_latest_videos_collected/20260508_1189_0001.mp4,,データベースランダム「Database Random」,R2-20260508-ALL-LATEST,1189-0001,0001,1189,A bear rearing up on its hind legs,1
r2-1189-0002,Shape 1189 / Method 0002 / 4dgen gt,"Shape 1189, method 0002 (4dgen gt), source file 4dgen_gt_front-right60.mp4.",20260508_all_latest_videos_collected/20260508_1189_0002.mp4,,データベースランダム「Database Random」,R2-20260508-ALL-LATEST,1189-0002,0002,1189,A bear rearing up on its hind legs,1
r2-1189-0003,Shape 1189 / Method 0003 / am_3d_video fp,"Shape 1189, method 0003 (am_3d_video fp), source file am_3d_video_fp_front-right60.mp4.",20260508_all_latest_videos_collected/20260508_1189_0003.mp4,,データベースランダム「Database Random」,R2-20260508-ALL-LATEST,1189-0003,0003,1189,A bear rearing up on its hind legs,1
r2-1189-0004,Shape 1189 / Method 0004 / am_3d_video gt,"Shape 1189, method 0004 (am_3d_video gt), source file am_3d_video_gt_front-right60.mp4.",20260508_all_latest_videos_collected/20260508_1189_0004.mp4,,データベースランダム「Database Random」,R2-20260508-ALL-LATEST,1189-0004,0004,1189,A bear rearing up on its hind legs,1
r2-1189-0005,Shape 1189 / Method 0005 / am_video fp,"Shape 1189, method 0005 (am_video fp), source file am_video_fp_front-right60.mp4.",20260508_all_latest_videos_collected/20260508_1189_0005.mp4,,データベースランダム「Database Random」,R2-20260508-ALL-LATEST,1189-0005,0005,1189,A bear rearing up on its hind legs,1
r2-1189-0006,Shape 1189 / Method 0006 / am_video gt,"Shape 1189, method 0006 (am_video gt), source file am_video_gt_front-right60.mp4.",20260508_all_latest_videos_collected/20260508_1189_0006.mp4,,データベースランダム「Database Random」,R2-20260508-ALL-LATEST,1189-0006,0006,1189,A bear rearing up on its hind legs,1
r2-1189-0007,Shape 1189 / Method 0007 / anymole,"Shape 1189, method 0007 (anymole), source file anymole_front-right60.mp4.",20260508_all_latest_videos_collected/20260508_1189_0007.mp4,,データベースランダム「Database Random」,R2-20260508-ALL-LATEST,1189-0007,0007,1189,A bear rearing up on its hind legs,1
r2-1189-0008,Shape 1189 / Method 0008 / dg4d fp,"Shape 1189, method 0008 (dg4d fp), source file dg4d_fp_front-right60.mp4.",20260508_all_latest_videos_collected/20260508_1189_0008.mp4,,データベースランダム「Database Random」,R2-20260508-ALL-LATEST,1189-0008,0008,1189,A bear rearing up on its hind legs,1
r2-1189-0009,Shape 1189 / Method 0009 / dg4d gt,"Shape 1189, method 0009 (dg4d gt), source file dg4d_gt_front-right60.mp4.",20260508_all_latest_videos_collected/20260508_1189_0009.mp4,,データベースランダム「Database Random」,R2-20260508-ALL-LATEST,1189-0009,0009,1189,A bear rearing up on its hind legs,1
r2-1189-0011,Shape 1189 / Method 0011 / input gt,"Shape 1189, method 0011 (input gt), source file gt_input_front-right60.mp4.",20260508_all_latest_videos_collected/20260508_1189_0011.mp4,,データベースランダム「Database Random」,R2-20260508-ALL-LATEST,1189-0011,0011,1189,A bear rearing up on its hind legs,1
r2-1189-0012,Shape 1189 / Method 0012 / gvfd fp,"Shape 1189, method 0012 (gvfd fp), source file gvfd_fp_front-right60.mp4.",20260508_all_latest_videos_collected/20260508_1189_0012.mp4,,データベースランダム「Database Random」,R2-20260508-ALL-LATEST,1189-0012,0012,1189,A bear rearing up on its hind legs,1
r2-1189-0013,Shape 1189 / Method 0013 / gvfd gt,"Shape 1189, method 0013 (gvfd gt), source file gvfd_gt_front-right60.mp4.",20260508_all_latest_videos_collected/20260508_1189_0013.mp4,,データベースランダム「Database Random」,R2-20260508-ALL-LATEST,1189-0013,0013,1189,A bear rearing up on its hind legs,1
r2-1189-0014,Shape 1189 / Method 0014 / key input,"Shape 1189, method 0014 (key input), source file key_input_front-right60.mp4.",20260508_all_latest_videos_collected/20260508_1189_0014.mp4,,データベースランダム「Database Random」,R2-20260508-ALL-LATEST,1189-0014,0014,1189,A bear rearing up on its hind legs,1
r2-1189-0015,Shape 1189 / Method 0015 / motion324 fp,"Shape 1189, method 0015 (motion324 fp), source file motion324_fp_front-right60.mp4.",20260508_all_latest_videos_collected/20260508_1189_0015.mp4,,データベースランダム「Database Random」,R2-20260508-ALL-LATEST,1189-0015,0015,1189,A bear rearing up on its hind legs,1
r2-1189-0016,Shape 1189 / Method 0016 / motion324 gt,"Shape 1189, method 0016 (motion324 gt), source file motion324_gt_front-right60.mp4.",20260508_all_latest_videos_collected/20260508_1189_0016.mp4,,データベースランダム「Database Random」,R2-20260508-ALL-LATEST,1189-0016,0016,1189,A bear rearing up on its hind legs,1
r2-1189-0017,Shape 1189 / Method 0017 / sc4d fp,"Shape 1189, method 0017 (sc4d fp), source file sc4d_fp_front-right60.mp4.",20260508_all_latest_videos_collected/20260508_1189_0017.mp4,,データベースランダム「Database Random」,R2-20260508-ALL-LATEST,1189-0017,0017,1189,A bear rearing up on its hind legs,1
r2-1189-0018,Shape 1189 / Method 0018 / sc4d gt,"Shape 1189, method 0018 (sc4d gt), source file sc4d_gt_front-right60.mp4.",20260508_all_latest_videos_collected/20260508_1189_0018.mp4,,データベースランダム「Database Random」,R2-20260508-ALL-LATEST,1189-0018,0018,1189,A bear rearing up on its hind legs,1
r2-1189-0019,Shape 1189 / Method 0019 / sv4d2 fp,"Shape 1189, method 0019 (sv4d2 fp), source file sv4d2_fp_front-right60.mp4.",20260508_all_latest_videos_collected/20260508_1189_0019.mp4,,データベースランダム「Database Random」,R2-20260508-ALL-LATEST,1189-0019,0019,1189,A bear rearing up on its hind legs,1
r2-1189-0020,Shape 1189 / Method 0020 / sv4d2 gt,"Shape 1189, method 0020 (sv4d2 gt), source file sv4d2_gt_front-right60.mp4.",20260508_all_latest_videos_collected/20260508_1189_0020.mp4,,データベースランダム「Database Random」,R2-20260508-ALL-LATEST,1189-0020,0020,1189,A bear rearing up on its hind legs,1
r2-1189-0021,Shape 1189 / Method 0021 / tc4d,"Shape 1189, method 0021 (tc4d).",20260508_all_latest_videos_collected/20260508_1189_0021.mp4,,データベースランダム「Database Random」,R2-20260508-ALL-LATEST,1189-0021,0021,1189,A bear rearing up on its hind legs,1
r2-1230-0001,Shape 1230 / Method 0001 / 4dgen fp,"Shape 1230, method 0001 (4dgen fp), source file 4dgen_fp_front-right60.mp4.",20260508_all_latest_videos_collected/20260508_1230_0001.mp4,,データベースランダム「Database Random」,R2-20260508-ALL-LATEST,1230-0001,0001,1230,A character moving both arms backward / A character putting their hands behind their back,1
r2-1230-0002,Shape 1230 / Method 0002 / 4dgen gt,"Shape 1230, method 0002 (4dgen gt), source file 4dgen_gt_front-right60.mp4.",20260508_all_latest_videos_collected/20260508_1230_0002.mp4,,データベースランダム「Database Random」,R2-20260508-ALL-LATEST,1230-0002,0002,1230,A character moving both arms backward / A character putting their hands behind their back,1
r2-1230-0003,Shape 1230 / Method 0003 / am_3d_video fp,"Shape 1230, method 0003 (am_3d_video fp), source file am_3d_video_fp_front-right60.mp4.",20260508_all_latest_videos_collected/20260508_1230_0003.mp4,,データベースランダム「Database Random」,R2-20260508-ALL-LATEST,1230-0003,0003,1230,A character moving both arms backward / A character putting their hands behind their back,1
r2-1230-0004,Shape 1230 / Method 0004 / am_3d_video gt,"Shape 1230, method 0004 (am_3d_video gt), source file am_3d_video_gt_front-right60.mp4.",20260508_all_latest_videos_collected/20260508_1230_0004.mp4,,データベースランダム「Database Random」,R2-20260508-ALL-LATEST,1230-0004,0004,1230,A character moving both arms backward / A character putting their hands behind their back,1
r2-1230-0005,Shape 1230 / Method 0005 / am_video fp,"Shape 1230, method 0005 (am_video fp), source file am_video_fp_front-right60.mp4.",20260508_all_latest_videos_collected/20260508_1230_0005.mp4,,データベースランダム「Database Random」,R2-20260508-ALL-LATEST,1230-0005,0005,1230,A character moving both arms backward / A character putting their hands behind their back,1
r2-1230-0006,Shape 1230 / Method 0006 / am_video gt,"Shape 1230, method 0006 (am_video gt), source file am_video_gt_front-right60.mp4.",20260508_all_latest_videos_collected/20260508_1230_0006.mp4,,データベースランダム「Database Random」,R2-20260508-ALL-LATEST,1230-0006,0006,1230,A character moving both arms backward / A character putting their hands behind their back,1
r2-1230-0007,Shape 1230 / Method 0007 / anymole,"Shape 1230, method 0007 (anymole), source file anymole_front-right60.mp4.",20260508_all_latest_videos_collected/20260508_1230_0007.mp4,,データベースランダム「Database Random」,R2-20260508-ALL-LATEST,1230-0007,0007,1230,A character moving both arms backward / A character putting their hands behind their back,1
r2-1230-0008,Shape 1230 / Method 0008 / dg4d fp,"Shape 1230, method 0008 (dg4d fp), source file dg4d_fp_front-right60.mp4.",20260508_all_latest_videos_collected/20260508_1230_0008.mp4,,データベースランダム「Database Random」,R2-20260508-ALL-LATEST,1230-0008,0008,1230,A character moving both arms backward / A character putting their hands behind their back,1
r2-1230-0009,Shape 1230 / Method 0009 / dg4d gt,"Shape 1230, method 0009 (dg4d gt), source file dg4d_gt_front-right60.mp4.",20260508_all_latest_videos_collected/20260508_1230_0009.mp4,,データベースランダム「Database Random」,R2-20260508-ALL-LATEST,1230-0009,0009,1230,A character moving both arms backward / A character putting their hands behind their back,1
r2-1230-0011,Shape 1230 / Method 0011 / input gt,"Shape 1230, method 0011 (input gt), source file gt_input_front-right60.mp4.",20260508_all_latest_videos_collected/20260508_1230_0011.mp4,,データベースランダム「Database Random」,R2-20260508-ALL-LATEST,1230-0011,0011,1230,A character moving both arms backward / A character putting their hands behind their back,1
r2-1230-0012,Shape 1230 / Method 0012 / gvfd fp,"Shape 1230, method 0012 (gvfd fp), source file gvfd_fp_front-right60.mp4.",20260508_all_latest_videos_collected/20260508_1230_0012.mp4,,データベースランダム「Database Random」,R2-20260508-ALL-LATEST,1230-0012,0012,1230,A character moving both arms backward / A character putting their hands behind their back,1
r2-1230-0013,Shape 1230 / Method 0013 / gvfd gt,"Shape 1230, method 0013 (gvfd gt), source file gvfd_gt_front-right60.mp4.",20260508_all_latest_videos_collected/20260508_1230_0013.mp4,,データベースランダム「Database Random」,R2-20260508-ALL-LATEST,1230-0013,0013,1230,A character moving both arms backward / A character putting their hands behind their back,1
r2-1230-0014,Shape 1230 / Method 0014 / key input,"Shape 1230, method 0014 (key input), source file key_input_front-right60.mp4.",20260508_all_latest_videos_collected/20260508_1230_0014.mp4,,データベースランダム「Database Random」,R2-20260508-ALL-LATEST,1230-0014,0014,1230,A character moving both arms backward / A character putting their hands behind their back,1
r2-1230-0015,Shape 1230 / Method 0015 / motion324 fp,"Shape 1230, method 0015 (motion324 fp), source file motion324_fp_front-right60.mp4.",20260508_all_latest_videos_collected/20260508_1230_0015.mp4,,データベースランダム「Database Random」,R2-20260508-ALL-LATEST,1230-0015,0015,1230,A character moving both arms backward / A character putting their hands behind their back,1
r2-1230-0016,Shape 1230 / Method 0016 / motion324 gt,"Shape 1230, method 0016 (motion324 gt), source file motion324_gt_front-right60.mp4.",20260508_all_latest_videos_collected/20260508_1230_0016.mp4,,データベースランダム「Database Random」,R2-20260508-ALL-LATEST,1230-0016,0016,1230,A character moving both arms backward / A character putting their hands behind their back,1
r2-1230-0017,Shape 1230 / Method 0017 / sc4d fp,"Shape 1230, method 0017 (sc4d fp), source file sc4d_fp_front-right60.mp4.",20260508_all_latest_videos_collected/20260508_1230_0017.mp4,,データベースランダム「Database Random」,R2-20260508-ALL-LATEST,1230-0017,0017,1230,A character moving both arms backward / A character putting their hands behind their back,1
r2-1230-0018,Shape 1230 / Method 0018 / sc4d gt,"Shape 1230, method 0018 (sc4d gt), source file sc4d_gt_front-right60.mp4.",20260508_all_latest_videos_collected/20260508_1230_0018.mp4,,データベースランダム「Database Random」,R2-20260508-ALL-LATEST,1230-0018,0018,1230,A character moving both arms backward / A character putting their hands behind their back,1
r2-1230-0019,Shape 1230 / Method 0019 / sv4d2 fp,"Shape 1230, method 0019 (sv4d2 fp), source file sv4d2_fp_front-right60.mp4.",20260508_all_latest_videos_collected/20260508_1230_0019.mp4,,データベースランダム「Database Random」,R2-20260508-ALL-LATEST,1230-0019,0019,1230,A character moving both arms backward / A character putting their hands behind their back,1
r2-1230-0020,Shape 1230 / Method 0020 / sv4d2 gt,"Shape 1230, method 0020 (sv4d2 gt), source file sv4d2_gt_front-right60.mp4.",20260508_all_latest_videos_collected/20260508_1230_0020.mp4,,データベースランダム「Database Random」,R2-20260508-ALL-LATEST,1230-0020,0020,1230,A character moving both arms backward / A character putting their hands behind their back,1
r2-1230-0021,Shape 1230 / Method 0021 / tc4d,"Shape 1230, method 0021 (tc4d).",20260508_all_latest_videos_collected/20260508_1230_0021.mp4,,データベースランダム「Database Random」,R2-20260508-ALL-LATEST,1230-0021,0021,1230,A character moving both arms backward / A character putting their hands behind their back,1
r2-1232-0001,Shape 1232 / Method 0001 / 4dgen fp,"Shape 1232, method 0001 (4dgen fp), source file 4dgen_fp_front-right60.mp4.",20260508_all_latest_videos_collected/20260508_1232_0001.mp4,,データベースランダム「Database Random」,R2-20260508-ALL-LATEST,1232-0001,0001,1232,A character raising a sword high / A character holding a sword aloft,1
r2-1232-0002,Shape 1232 / Method 0002 / 4dgen gt,"Shape 1232, method 0002 (4dgen gt), source file 4dgen_gt_front-right60.mp4.",20260508_all_latest_videos_collected/20260508_1232_0002.mp4,,データベースランダム「Database Random」,R2-20260508-ALL-LATEST,1232-0002,0002,1232,A character raising a sword high / A character holding a sword aloft,1
r2-1232-0003,Shape 1232 / Method 0003 / am_3d_video fp,"Shape 1232, method 0003 (am_3d_video fp), source file am_3d_video_fp_front-right60.mp4.",20260508_all_latest_videos_collected/20260508_1232_0003.mp4,,データベースランダム「Database Random」,R2-20260508-ALL-LATEST,1232-0003,0003,1232,A character raising a sword high / A character holding a sword aloft,1
r2-1232-0004,Shape 1232 / Method 0004 / am_3d_video gt,"Shape 1232, method 0004 (am_3d_video gt), source file am_3d_video_gt_front-right60.mp4.",20260508_all_latest_videos_collected/20260508_1232_0004.mp4,,データベースランダム「Database Random」,R2-20260508-ALL-LATEST,1232-0004,0004,1232,A character raising a sword high / A character holding a sword aloft,1
r2-1232-0005,Shape 1232 / Method 0005 / am_video fp,"Shape 1232, method 0005 (am_video fp), source file am_video_fp_front-right60.mp4.",20260508_all_latest_videos_collected/20260508_1232_0005.mp4,,データベースランダム「Database Random」,R2-20260508-ALL-LATEST,1232-0005,0005,1232,A character raising a sword high / A character holding a sword aloft,1
r2-1232-0006,Shape 1232 / Method 0006 / am_video gt,"Shape 1232, method 0006 (am_video gt), source file am_video_gt_front-right60.mp4.",20260508_all_latest_videos_collected/20260508_1232_0006.mp4,,データベースランダム「Database Random」,R2-20260508-ALL-LATEST,1232-0006,0006,1232,A character raising a sword high / A character holding a sword aloft,1
r2-1232-0007,Shape 1232 / Method 0007 / anymole,"Shape 1232, method 0007 (anymole), source file anymole_front-right60.mp4.",20260508_all_latest_videos_collected/20260508_1232_0007.mp4,,データベースランダム「Database Random」,R2-20260508-ALL-LATEST,1232-0007,0007,1232,A character raising a sword high / A character holding a sword aloft,1
r2-1232-0008,Shape 1232 / Method 0008 / dg4d fp,"Shape 1232, method 0008 (dg4d fp), source file dg4d_fp_front-right60.mp4.",20260508_all_latest_videos_collected/20260508_1232_0008.mp4,,データベースランダム「Database Random」,R2-20260508-ALL-LATEST,1232-0008,0008,1232,A character raising a sword high / A character holding a sword aloft,1
r2-1232-0009,Shape 1232 / Method 0009 / dg4d gt,"Shape 1232, method 0009 (dg4d gt), source file dg4d_gt_front-right60.mp4.",20260508_all_latest_videos_collected/20260508_1232_0009.mp4,,データベースランダム「Database Random」,R2-20260508-ALL-LATEST,1232-0009,0009,1232,A character raising a sword high / A character holding a sword aloft,1
r2-1232-0011,Shape 1232 / Method 0011 / input gt,"Shape 1232, method 0011 (input gt), source file gt_input_front-right60.mp4.",20260508_all_latest_videos_collected/20260508_1232_0011.mp4,,データベースランダム「Database Random」,R2-20260508-ALL-LATEST,1232-0011,0011,1232,A character raising a sword high / A character holding a sword aloft,1
r2-1232-0012,Shape 1232 / Method 0012 / gvfd fp,"Shape 1232, method 0012 (gvfd fp), source file gvfd_fp_front-right60.mp4.",20260508_all_latest_videos_collected/20260508_1232_0012.mp4,,データベースランダム「Database Random」,R2-20260508-ALL-LATEST,1232-0012,0012,1232,A character raising a sword high / A character holding a sword aloft,1
r2-1232-0013,Shape 1232 / Method 0013 / gvfd gt,"Shape 1232, method 0013 (gvfd gt), source file gvfd_gt_front-right60.mp4.",20260508_all_latest_videos_collected/20260508_1232_0013.mp4,,データベースランダム「Database Random」,R2-20260508-ALL-LATEST,1232-0013,0013,1232,A character raising a sword high / A character holding a sword aloft,1
r2-1232-0014,Shape 1232 / Method 0014 / key input,"Shape 1232, method 0014 (key input), source file key_input_front-right60.mp4.",20260508_all_latest_videos_collected/20260508_1232_0014.mp4,,データベースランダム「Database Random」,R2-20260508-ALL-LATEST,1232-0014,0014,1232,A character raising a sword high / A character holding a sword aloft,1
r2-1232-0015,Shape 1232 / Method 0015 / motion324 fp,"Shape 1232, method 0015 (motion324 fp), source file motion324_fp_front-right60.mp4.",20260508_all_latest_videos_collected/20260508_1232_0015.mp4,,データベースランダム「Database Random」,R2-20260508-ALL-LATEST,1232-0015,0015,1232,A character raising a sword high / A character holding a sword aloft,1
r2-1232-0016,Shape 1232 / Method 0016 / motion324 gt,"Shape 1232, method 0016 (motion324 gt), source file motion324_gt_front-right60.mp4.",20260508_all_latest_videos_collected/20260508_1232_0016.mp4,,データベースランダム「Database Random」,R2-20260508-ALL-LATEST,1232-0016,0016,1232,A character raising a sword high / A character holding a sword aloft,1
r2-1232-0017,Shape 1232 / Method 0017 / sc4d fp,"Shape 1232, method 0017 (sc4d fp), source file sc4d_fp_front-right60.mp4.",20260508_all_latest_videos_collected/20260508_1232_0017.mp4,,データベースランダム「Database Random」,R2-20260508-ALL-LATEST,1232-0017,0017,1232,A character raising a sword high / A character holding a sword aloft,1
r2-1232-0018,Shape 1232 / Method 0018 / sc4d gt,"Shape 1232, method 0018 (sc4d gt), source file sc4d_gt_front-right60.mp4.",20260508_all_latest_videos_collected/20260508_1232_0018.mp4,,データベースランダム「Database Random」,R2-20260508-ALL-LATEST,1232-0018,0018,1232,A character raising a sword high / A character holding a sword aloft,1
r2-1232-0019,Shape 1232 / Method 0019 / sv4d2 fp,"Shape 1232, method 0019 (sv4d2 fp), source file sv4d2_fp_front-right60.mp4.",20260508_all_latest_videos_collected/20260508_1232_0019.mp4,,データベースランダム「Database Random」,R2-20260508-ALL-LATEST,1232-0019,0019,1232,A character raising a sword high / A character holding a sword aloft,1
r2-1232-0020,Shape 1232 / Method 0020 / sv4d2 gt,"Shape 1232, method 0020 (sv4d2 gt), source file sv4d2_gt_front-right60.mp4.",20260508_all_latest_videos_collected/20260508_1232_0020.mp4,,データベースランダム「Database Random」,R2-20260508-ALL-LATEST,1232-0020,0020,1232,A character raising a sword high / A character holding a sword aloft,1
r2-1232-0021,Shape 1232 / Method 0021 / tc4d,"Shape 1232, method 0021 (tc4d).",20260508_all_latest_videos_collected/20260508_1232_0021.mp4,,データベースランダム「Database Random」,R2-20260508-ALL-LATEST,1232-0021,0021,1232,A character raising a sword high / A character holding a sword aloft,1
r2-1445-0001,Shape 1445 / Method 0001 / 4dgen fp,"Shape 1445, method 0001 (4dgen fp), source file 4dgen_fp_front-right60.mp4.",20260508_all_latest_videos_collected/20260508_1445_0001.mp4,,データベースランダム「Database Random」,R2-20260508-ALL-LATEST,1445-0001,0001,1445,"A character spreads their long limbs, appearing larger",1
r2-1445-0002,Shape 1445 / Method 0002 / 4dgen gt,"Shape 1445, method 0002 (4dgen gt), source file 4dgen_gt_front-right60.mp4.",20260508_all_latest_videos_collected/20260508_1445_0002.mp4,,データベースランダム「Database Random」,R2-20260508-ALL-LATEST,1445-0002,0002,1445,"A character spreads their long limbs, appearing larger",1
r2-1445-0003,Shape 1445 / Method 0003 / am_3d_video fp,"Shape 1445, method 0003 (am_3d_video fp), source file am_3d_video_fp_front-right60.mp4.",20260508_all_latest_videos_collected/20260508_1445_0003.mp4,,データベースランダム「Database Random」,R2-20260508-ALL-LATEST,1445-0003,0003,1445,"A character spreads their long limbs, appearing larger",1
r2-1445-0004,Shape 1445 / Method 0004 / am_3d_video gt,"Shape 1445, method 0004 (am_3d_video gt), source file am_3d_video_gt_front-right60.mp4.",20260508_all_latest_videos_collected/20260508_1445_0004.mp4,,データベースランダム「Database Random」,R2-20260508-ALL-LATEST,1445-0004,0004,1445,"A character spreads their long limbs, appearing larger",1
r2-1445-0005,Shape 1445 / Method 0005 / am_video fp,"Shape 1445, method 0005 (am_video fp), source file am_video_fp_front-right60.mp4.",20260508_all_latest_videos_collected/20260508_1445_0005.mp4,,データベースランダム「Database Random」,R2-20260508-ALL-LATEST,1445-0005,0005,1445,"A character spreads their long limbs, appearing larger",1
r2-1445-0006,Shape 1445 / Method 0006 / am_video gt,"Shape 1445, method 0006 (am_video gt), source file am_video_gt_front-right60.mp4.",20260508_all_latest_videos_collected/20260508_1445_0006.mp4,,データベースランダム「Database Random」,R2-20260508-ALL-LATEST,1445-0006,0006,1445,"A character spreads their long limbs, appearing larger",1
r2-1445-0007,Shape 1445 / Method 0007 / anymole,"Shape 1445, method 0007 (anymole), source file anymole_front-right60.mp4.",20260508_all_latest_videos_collected/20260508_1445_0007.mp4,,データベースランダム「Database Random」,R2-20260508-ALL-LATEST,1445-0007,0007,1445,"A character spreads their long limbs, appearing larger",1
r2-1445-0008,Shape 1445 / Method 0008 / dg4d fp,"Shape 1445, method 0008 (dg4d fp), source file dg4d_fp_front-right60.mp4.",20260508_all_latest_videos_collected/20260508_1445_0008.mp4,,データベースランダム「Database Random」,R2-20260508-ALL-LATEST,1445-0008,0008,1445,"A character spreads their long limbs, appearing larger",1
r2-1445-0009,Shape 1445 / Method 0009 / dg4d gt,"Shape 1445, method 0009 (dg4d gt), source file dg4d_gt_front-right60.mp4.",20260508_all_latest_videos_collected/20260508_1445_0009.mp4,,データベースランダム「Database Random」,R2-20260508-ALL-LATEST,1445-0009,0009,1445,"A character spreads their long limbs, appearing larger",1
r2-1445-0011,Shape 1445 / Method 0011 / input gt,"Shape 1445, method 0011 (input gt), source file gt_input_front-right60.mp4.",20260508_all_latest_videos_collected/20260508_1445_0011.mp4,,データベースランダム「Database Random」,R2-20260508-ALL-LATEST,1445-0011,0011,1445,"A character spreads their long limbs, appearing larger",1
r2-1445-0012,Shape 1445 / Method 0012 / gvfd fp,"Shape 1445, method 0012 (gvfd fp), source file gvfd_fp_front-right60.mp4.",20260508_all_latest_videos_collected/20260508_1445_0012.mp4,,データベースランダム「Database Random」,R2-20260508-ALL-LATEST,1445-0012,0012,1445,"A character spreads their long limbs, appearing larger",1
r2-1445-0013,Shape 1445 / Method 0013 / gvfd gt,"Shape 1445, method 0013 (gvfd gt), source file gvfd_gt_front-right60.mp4.",20260508_all_latest_videos_collected/20260508_1445_0013.mp4,,データベースランダム「Database Random」,R2-20260508-ALL-LATEST,1445-0013,0013,1445,"A character spreads their long limbs, appearing larger",1
r2-1445-0014,Shape 1445 / Method 0014 / key input,"Shape 1445, method 0014 (key input), source file key_input_front-right60.mp4.",20260508_all_latest_videos_collected/20260508_1445_0014.mp4,,データベースランダム「Database Random」,R2-20260508-ALL-LATEST,1445-0014,0014,1445,"A character spreads their long limbs, appearing larger",1
r2-1445-0015,Shape 1445 / Method 0015 / motion324 fp,"Shape 1445, method 0015 (motion324 fp), source file motion324_fp_front-right60.mp4.",20260508_all_latest_videos_collected/20260508_1445_0015.mp4,,データベースランダム「Database Random」,R2-20260508-ALL-LATEST,1445-0015,0015,1445,"A character spreads their long limbs, appearing larger",1
r2-1445-0016,Shape 1445 / Method 0016 / motion324 gt,"Shape 1445, method 0016 (motion324 gt), source file motion324_gt_front-right60.mp4.",20260508_all_latest_videos_collected/20260508_1445_0016.mp4,,データベースランダム「Database Random」,R2-20260508-ALL-LATEST,1445-0016,0016,1445,"A character spreads their long limbs, appearing larger",1
r2-1445-0017,Shape 1445 / Method 0017 / sc4d fp,"Shape 1445, method 0017 (sc4d fp), source file sc4d_fp_front-right60.mp4.",20260508_all_latest_videos_collected/20260508_1445_0017.mp4,,データベースランダム「Database Random」,R2-20260508-ALL-LATEST,1445-0017,0017,1445,"A character spreads their long limbs, appearing larger",1
r2-1445-0018,Shape 1445 / Method 0018 / sc4d gt,"Shape 1445, method 0018 (sc4d gt), source file sc4d_gt_front-right60.mp4.",20260508_all_latest_videos_collected/20260508_1445_0018.mp4,,データベースランダム「Database Random」,R2-20260508-ALL-LATEST,1445-0018,0018,1445,"A character spreads their long limbs, appearing larger",1
r2-1445-0019,Shape 1445 / Method 0019 / sv4d2 fp,"Shape 1445, method 0019 (sv4d2 fp), source file sv4d2_fp_front-right60.mp4.",20260508_all_latest_videos_collected/20260508_1445_0019.mp4,,データベースランダム「Database Random」,R2-20260508-ALL-LATEST,1445-0019,0019,1445,"A character spreads their long limbs, appearing larger",1
r2-1445-0020,Shape 1445 / Method 0020 / sv4d2 gt,"Shape 1445, method 0020 (sv4d2 gt), source file sv4d2_gt_front-right60.mp4.",20260508_all_latest_videos_collected/20260508_1445_0020.mp4,,データベースランダム「Database Random」,R2-20260508-ALL-LATEST,1445-0020,0020,1445,"A character spreads their long limbs, appearing larger",1
r2-1445-0021,Shape 1445 / Method 0021 / tc4d,"Shape 1445, method 0021 (tc4d).",20260508_all_latest_videos_collected/20260508_1445_0021.mp4,,データベースランダム「Database Random」,R2-20260508-ALL-LATEST,1445-0021,0021,1445,"A character spreads their long limbs, appearing larger",1
